time,open,high,low,close,volume
2024-01-01T00:00:00Z,1.10017,1.10064,1.09905,1.10017,381
2024-01-01T04:00:00Z,1.10017,1.10293,1.09861,1.10157,479
2024-01-01T08:00:00Z,1.10157,1.10325,1.10066,1.10159,379
2024-01-01T12:00:00Z,1.10159,1.10452,1.10060,1.10297,194
2024-01-01T16:00:00Z,1.10297,1.10507,1.10172,1.10458,262
2024-01-01T20:00:00Z,1.10458,1.10658,1.10375,1.10480,395
2024-01-02T00:00:00Z,1.10480,1.10729,1.10305,1.10594,340
2024-01-02T04:00:00Z,1.10594,1.10715,1.10431,1.10641,295
2024-01-02T08:00:00Z,1.10641,1.10689,1.10456,1.10612,407
2024-01-02T12:00:00Z,1.10612,1.10713,1.10414,1.10587,475
2024-01-02T16:00:00Z,1.10587,1.10680,1.10302,1.10384,437
2024-01-02T20:00:00Z,1.10384,1.10478,1.10117,1.10197,191
2024-01-03T00:00:00Z,1.10197,1.10410,1.10123,1.10268,295
2024-01-03T04:00:00Z,1.10268,1.10527,1.10143,1.10415,400
2024-01-03T08:00:00Z,1.10415,1.10540,1.09881,1.10066,245
2024-01-03T12:00:00Z,1.10066,1.10238,1.09804,1.09960,380
2024-01-03T16:00:00Z,1.09960,1.10304,1.09836,1.10151,120
2024-01-03T20:00:00Z,1.10151,1.10371,1.10100,1.10198,269
2024-01-04T00:00:00Z,1.10198,1.10250,1.09860,1.10034,281
2024-01-04T04:00:00Z,1.10034,1.10218,1.09871,1.10128,373
2024-01-04T08:00:00Z,1.10128,1.10321,1.10060,1.10237,252
2024-01-04T12:00:00Z,1.10237,1.10303,1.09985,1.10088,196
2024-01-04T16:00:00Z,1.10088,1.10337,1.09906,1.10162,122
2024-01-04T20:00:00Z,1.10162,1.10275,1.09951,1.10065,322
2024-01-05T00:00:00Z,1.10065,1.10178,1.09984,1.10122,120
2024-01-05T04:00:00Z,1.10122,1.10178,1.10043,1.10103,344
2024-01-05T08:00:00Z,1.10103,1.10254,1.09841,1.09888,351
2024-01-05T12:00:00Z,1.09888,1.10038,1.09777,1.09826,452
2024-01-05T16:00:00Z,1.09826,1.09909,1.09778,1.09868,231
2024-01-05T20:00:00Z,1.09868,1.10056,1.09780,1.09870,120
2024-01-06T00:00:00Z,1.09870,1.09911,1.09490,1.09660,469
2024-01-06T04:00:00Z,1.09660,1.09801,1.09428,1.09483,185
2024-01-06T08:00:00Z,1.09483,1.09546,1.09257,1.09340,272
2024-01-06T12:00:00Z,1.09340,1.09493,1.09189,1.09405,315
2024-01-06T16:00:00Z,1.09405,1.09845,1.09256,1.09652,461
2024-01-06T20:00:00Z,1.09652,1.09831,1.09573,1.09692,355
2024-01-07T00:00:00Z,1.09692,1.09799,1.09382,1.09445,209
2024-01-07T04:00:00Z,1.09445,1.09667,1.09368,1.09491,128
2024-01-07T08:00:00Z,1.09491,1.09715,1.09312,1.09548,489
2024-01-07T12:00:00Z,1.09548,1.09848,1.09444,1.09727,241
2024-01-07T16:00:00Z,1.09727,1.10026,1.09557,1.09925,338
2024-01-07T20:00:00Z,1.09925,1.10011,1.09798,1.09888,125
2024-01-08T00:00:00Z,1.09888,1.09937,1.09600,1.09729,213
2024-01-08T04:00:00Z,1.09729,1.09789,1.09627,1.09699,183
2024-01-08T08:00:00Z,1.09699,1.09748,1.09422,1.09546,251
2024-01-08T12:00:00Z,1.09546,1.09727,1.09381,1.09620,387
2024-01-08T16:00:00Z,1.09620,1.09901,1.09506,1.09764,166
2024-01-08T20:00:00Z,1.09764,1.09850,1.09390,1.09570,163
2024-01-09T00:00:00Z,1.09570,1.09657,1.09427,1.09508,210
2024-01-09T04:00:00Z,1.09508,1.09789,1.09341,1.09724,341
2024-01-09T08:00:00Z,1.09724,1.09888,1.09612,1.09687,397
2024-01-09T12:00:00Z,1.09687,1.09756,1.09504,1.09588,491
2024-01-09T16:00:00Z,1.09588,1.09762,1.09157,1.09332,268
2024-01-09T20:00:00Z,1.09332,1.09498,1.09140,1.09412,248
2024-01-10T00:00:00Z,1.09412,1.09483,1.09087,1.09286,485
2024-01-10T04:00:00Z,1.09286,1.09415,1.09151,1.09196,459
2024-01-10T08:00:00Z,1.09196,1.09585,1.09115,1.09526,465
2024-01-10T12:00:00Z,1.09526,1.09712,1.09266,1.09428,168
2024-01-10T16:00:00Z,1.09428,1.09786,1.09344,1.09600,447
2024-01-10T20:00:00Z,1.09600,1.09680,1.09497,1.09550,435
2024-01-11T00:00:00Z,1.09550,1.09645,1.09199,1.09311,163
2024-01-11T04:00:00Z,1.09311,1.09681,1.09137,1.09493,380
2024-01-11T08:00:00Z,1.09493,1.09682,1.09381,1.09617,253
2024-01-11T12:00:00Z,1.09617,1.09771,1.09442,1.09724,445
2024-01-11T16:00:00Z,1.09724,1.10056,1.09631,1.09885,498
2024-01-11T20:00:00Z,1.09885,1.10068,1.09739,1.10014,205
2024-01-12T00:00:00Z,1.10014,1.10317,1.09829,1.10128,491
2024-01-12T04:00:00Z,1.10128,1.10240,1.09964,1.10175,263
2024-01-12T08:00:00Z,1.10175,1.10403,1.10054,1.10220,352
2024-01-12T12:00:00Z,1.10220,1.10350,1.10076,1.10246,186
2024-01-12T16:00:00Z,1.10246,1.10364,1.10054,1.10192,417
2024-01-12T20:00:00Z,1.10192,1.10353,1.09922,1.09985,360
2024-01-13T00:00:00Z,1.09985,1.10142,1.09740,1.09822,458
2024-01-13T04:00:00Z,1.09822,1.10119,1.09748,1.09941,131
2024-01-13T08:00:00Z,1.09941,1.09991,1.09674,1.09819,138
2024-01-13T12:00:00Z,1.09819,1.09992,1.09715,1.09901,478
2024-01-13T16:00:00Z,1.09901,1.10180,1.09818,1.10065,311
2024-01-13T20:00:00Z,1.10065,1.10115,1.09859,1.10059,214
2024-01-14T00:00:00Z,1.10059,1.10198,1.09796,1.09859,393
2024-01-14T04:00:00Z,1.09859,1.09942,1.09702,1.09815,385
2024-01-14T08:00:00Z,1.09815,1.10150,1.09670,1.10095,304
2024-01-14T12:00:00Z,1.10095,1.10282,1.10009,1.10111,410
2024-01-14T16:00:00Z,1.10111,1.10438,1.10041,1.10254,338
2024-01-14T20:00:00Z,1.10254,1.10487,1.10192,1.10332,347
2024-01-15T00:00:00Z,1.10332,1.10528,1.10105,1.10290,412
2024-01-15T04:00:00Z,1.10290,1.10387,1.10185,1.10298,202
2024-01-15T08:00:00Z,1.10298,1.10400,1.10221,1.10357,306
2024-01-15T12:00:00Z,1.10357,1.10694,1.10176,1.10650,252
2024-01-15T16:00:00Z,1.10650,1.10725,1.10395,1.10546,186
2024-01-15T20:00:00Z,1.10546,1.10737,1.10476,1.10610,142
2024-01-16T00:00:00Z,1.10610,1.10802,1.10437,1.10527,310
2024-01-16T04:00:00Z,1.10527,1.10650,1.10323,1.10514,285
2024-01-16T08:00:00Z,1.10514,1.10608,1.10326,1.10435,238
2024-01-16T12:00:00Z,1.10435,1.10721,1.10257,1.10644,357
2024-01-16T16:00:00Z,1.10644,1.10748,1.10430,1.10626,132
2024-01-16T20:00:00Z,1.10626,1.10780,1.10434,1.10477,460
2024-01-17T00:00:00Z,1.10477,1.10606,1.10179,1.10234,238
2024-01-17T04:00:00Z,1.10234,1.10337,1.10142,1.10263,286
2024-01-17T08:00:00Z,1.10263,1.10460,1.10192,1.10240,146
2024-01-17T12:00:00Z,1.10240,1.10417,1.10140,1.10321,176
2024-01-17T16:00:00Z,1.10321,1.10581,1.10235,1.10444,452
2024-01-17T20:00:00Z,1.10444,1.10808,1.10334,1.10701,138
2024-01-18T00:00:00Z,1.10701,1.10905,1.10526,1.10748,200
2024-01-18T04:00:00Z,1.10748,1.11021,1.10674,1.10953,436
2024-01-18T08:00:00Z,1.10953,1.11035,1.10726,1.10902,273
2024-01-18T12:00:00Z,1.10902,1.11020,1.10510,1.10669,353
2024-01-18T16:00:00Z,1.10669,1.10883,1.10556,1.10728,301
2024-01-18T20:00:00Z,1.10728,1.10891,1.10675,1.10771,185
2024-01-19T00:00:00Z,1.10771,1.10878,1.10437,1.10636,215
2024-01-19T04:00:00Z,1.10636,1.10729,1.10400,1.10524,109
2024-01-19T08:00:00Z,1.10524,1.10652,1.10327,1.10441,355
2024-01-19T12:00:00Z,1.10441,1.10610,1.10110,1.10167,287
2024-01-19T16:00:00Z,1.10167,1.10233,1.09957,1.10079,472
2024-01-19T20:00:00Z,1.10079,1.10237,1.09951,1.10049,419
2024-01-20T00:00:00Z,1.10049,1.10236,1.09761,1.09830,270
2024-01-20T04:00:00Z,1.09830,1.10303,1.09752,1.10117,292
2024-01-20T08:00:00Z,1.10117,1.10297,1.09978,1.10220,105
2024-01-20T12:00:00Z,1.10220,1.10511,1.10031,1.10363,359
2024-01-20T16:00:00Z,1.10363,1.10582,1.10254,1.10421,327
2024-01-20T20:00:00Z,1.10421,1.10471,1.10213,1.10340,356
2024-01-21T00:00:00Z,1.10340,1.10557,1.10298,1.10470,312
2024-01-21T04:00:00Z,1.10470,1.10516,1.10324,1.10435,234
2024-01-21T08:00:00Z,1.10435,1.10527,1.10170,1.10244,163
2024-01-21T12:00:00Z,1.10244,1.10439,1.10182,1.10229,263
2024-01-21T16:00:00Z,1.10229,1.10350,1.09939,1.10074,483
2024-01-21T20:00:00Z,1.10074,1.10188,1.09659,1.09840,306
2024-01-22T00:00:00Z,1.09840,1.09979,1.09639,1.09813,444
2024-01-22T04:00:00Z,1.09813,1.09999,1.09653,1.09936,295
2024-01-22T08:00:00Z,1.09936,1.10445,1.09885,1.10290,100
2024-01-22T12:00:00Z,1.10290,1.10613,1.10105,1.10518,494
2024-01-22T16:00:00Z,1.10518,1.10799,1.10439,1.10628,246
2024-01-22T20:00:00Z,1.10628,1.10915,1.10527,1.10750,161
2024-01-23T00:00:00Z,1.10750,1.10806,1.10468,1.10595,211
2024-01-23T04:00:00Z,1.10595,1.10736,1.10491,1.10685,454
2024-01-23T08:00:00Z,1.10685,1.10837,1.10514,1.10744,479
2024-01-23T12:00:00Z,1.10744,1.10894,1.10483,1.10672,136
2024-01-23T16:00:00Z,1.10672,1.10796,1.10253,1.10368,216
2024-01-23T20:00:00Z,1.10368,1.10548,1.09988,1.10108,269
2024-01-24T00:00:00Z,1.10108,1.10287,1.09966,1.10125,397
2024-01-24T04:00:00Z,1.10125,1.10406,1.09935,1.10272,297
2024-01-24T08:00:00Z,1.10272,1.10614,1.10115,1.10499,348
2024-01-24T12:00:00Z,1.10499,1.10563,1.10166,1.10336,261
2024-01-24T16:00:00Z,1.10336,1.10450,1.09871,1.09993,420
2024-01-24T20:00:00Z,1.09993,1.10054,1.09757,1.09889,181
2024-01-25T00:00:00Z,1.09889,1.10041,1.09831,1.09996,242
2024-01-25T04:00:00Z,1.09996,1.10225,1.09947,1.10078,327
2024-01-25T08:00:00Z,1.10078,1.10380,1.09882,1.10180,238
2024-01-25T12:00:00Z,1.10180,1.10234,1.09804,1.09951,377
2024-01-25T16:00:00Z,1.09951,1.10024,1.09730,1.09795,166
2024-01-25T20:00:00Z,1.09795,1.09966,1.09707,1.09819,151
2024-01-26T00:00:00Z,1.09819,1.09865,1.09591,1.09725,331
2024-01-26T04:00:00Z,1.09725,1.09980,1.09554,1.09803,284
2024-01-26T08:00:00Z,1.09803,1.09892,1.09755,1.09817,283
2024-01-26T12:00:00Z,1.09817,1.10071,1.09639,1.09942,252
2024-01-26T16:00:00Z,1.09942,1.10337,1.09861,1.10290,110
2024-01-26T20:00:00Z,1.10290,1.10418,1.10217,1.10303,312
2024-01-27T00:00:00Z,1.10303,1.10496,1.10216,1.10441,364
2024-01-27T04:00:00Z,1.10441,1.10693,1.10253,1.10599,285
2024-01-27T08:00:00Z,1.10599,1.10652,1.10339,1.10516,166
2024-01-27T12:00:00Z,1.10516,1.10656,1.10187,1.10376,198
2024-01-27T16:00:00Z,1.10376,1.10447,1.10196,1.10333,375
2024-01-27T20:00:00Z,1.10333,1.10444,1.10166,1.10319,387
2024-01-28T00:00:00Z,1.10319,1.10633,1.10278,1.10525,184
2024-01-28T04:00:00Z,1.10525,1.10701,1.10359,1.10519,480
2024-01-28T08:00:00Z,1.10519,1.10662,1.10450,1.10607,440
2024-01-28T12:00:00Z,1.10607,1.10799,1.10203,1.10357,179
2024-01-28T16:00:00Z,1.10357,1.10522,1.10228,1.10454,376
2024-01-28T20:00:00Z,1.10454,1.10617,1.10317,1.10416,287
2024-01-29T00:00:00Z,1.10416,1.10655,1.10310,1.10582,483
2024-01-29T04:00:00Z,1.10582,1.10630,1.10312,1.10443,276
2024-01-29T08:00:00Z,1.10443,1.10676,1.10305,1.10503,136
2024-01-29T12:00:00Z,1.10503,1.10743,1.10421,1.10604,161
2024-01-29T16:00:00Z,1.10604,1.10993,1.10457,1.10886,478
2024-01-29T20:00:00Z,1.10886,1.11265,1.10845,1.11079,432
2024-01-30T00:00:00Z,1.11079,1.11424,1.10972,1.11360,497
2024-01-30T04:00:00Z,1.11360,1.11544,1.11255,1.11412,361
2024-01-30T08:00:00Z,1.11412,1.11502,1.11369,1.11415,342
2024-01-30T12:00:00Z,1.11415,1.11577,1.11196,1.11285,475
2024-01-30T16:00:00Z,1.11285,1.11540,1.11154,1.11447,332
2024-01-30T20:00:00Z,1.11447,1.11506,1.11225,1.11330,128
2024-01-31T00:00:00Z,1.11330,1.11482,1.10994,1.11188,138
2024-01-31T04:00:00Z,1.11188,1.11341,1.11032,1.11104,111
2024-01-31T08:00:00Z,1.11104,1.11161,1.10843,1.11022,448
2024-01-31T12:00:00Z,1.11022,1.11221,1.10919,1.11064,369
2024-01-31T16:00:00Z,1.11064,1.11271,1.10890,1.11222,425
2024-01-31T20:00:00Z,1.11222,1.11273,1.11157,1.11216,256
2024-02-01T00:00:00Z,1.11216,1.11363,1.11110,1.11192,315
2024-02-01T04:00:00Z,1.11192,1.11238,1.11086,1.11139,373
2024-02-01T08:00:00Z,1.11139,1.11289,1.10874,1.11014,164
2024-02-01T12:00:00Z,1.11014,1.11160,1.10659,1.10781,118
2024-02-01T16:00:00Z,1.10781,1.11062,1.10622,1.10924,329
2024-02-01T20:00:00Z,1.10924,1.11025,1.10800,1.10883,472
2024-02-02T00:00:00Z,1.10883,1.11096,1.10708,1.10962,216
2024-02-02T04:00:00Z,1.10962,1.11287,1.10773,1.11201,150
2024-02-02T08:00:00Z,1.11201,1.11451,1.11035,1.11287,456
2024-02-02T12:00:00Z,1.11287,1.11342,1.11156,1.11224,433
2024-02-02T16:00:00Z,1.11224,1.11391,1.10963,1.11091,252
2024-02-02T20:00:00Z,1.11091,1.11145,1.10791,1.10951,327
2024-02-03T00:00:00Z,1.10951,1.11048,1.10862,1.10997,423
2024-02-03T04:00:00Z,1.10997,1.11158,1.10608,1.10711,445
2024-02-03T08:00:00Z,1.10711,1.10809,1.10666,1.10724,355
2024-02-03T12:00:00Z,1.10724,1.10876,1.10492,1.10599,199
2024-02-03T16:00:00Z,1.10599,1.10640,1.10451,1.10527,274
2024-02-03T20:00:00Z,1.10527,1.10698,1.10437,1.10652,368
2024-02-04T00:00:00Z,1.10652,1.10728,1.10472,1.10644,316
2024-02-04T04:00:00Z,1.10644,1.10735,1.10512,1.10569,158
2024-02-04T08:00:00Z,1.10569,1.10744,1.10457,1.10632,256
2024-02-04T12:00:00Z,1.10632,1.10696,1.10467,1.10530,323
2024-02-04T16:00:00Z,1.10530,1.10623,1.10367,1.10465,254
2024-02-04T20:00:00Z,1.10465,1.10737,1.10364,1.10569,181
2024-02-05T00:00:00Z,1.10569,1.10790,1.10479,1.10673,187
2024-02-05T04:00:00Z,1.10673,1.10808,1.10375,1.10569,103
2024-02-05T08:00:00Z,1.10569,1.10829,1.10372,1.10703,238
2024-02-05T12:00:00Z,1.10703,1.10783,1.10497,1.10675,210
2024-02-05T16:00:00Z,1.10675,1.11047,1.10537,1.10867,495
2024-02-05T20:00:00Z,1.10867,1.11257,1.10718,1.11185,327
2024-02-06T00:00:00Z,1.11185,1.11556,1.10991,1.11437,354
2024-02-06T04:00:00Z,1.11437,1.11566,1.11344,1.11402,150
2024-02-06T08:00:00Z,1.11402,1.11520,1.11254,1.11302,433
2024-02-06T12:00:00Z,1.11302,1.11427,1.11098,1.11217,260
2024-02-06T16:00:00Z,1.11217,1.11389,1.11077,1.11265,137
2024-02-06T20:00:00Z,1.11265,1.11395,1.10894,1.11004,314
2024-02-07T00:00:00Z,1.11004,1.11251,1.10902,1.11156,197
2024-02-07T04:00:00Z,1.11156,1.11327,1.11035,1.11179,206
2024-02-07T08:00:00Z,1.11179,1.11250,1.10969,1.11149,433
2024-02-07T12:00:00Z,1.11149,1.11658,1.10972,1.11469,202
2024-02-07T16:00:00Z,1.11469,1.12184,1.11390,1.12023,123
2024-02-07T20:00:00Z,1.12023,1.12199,1.11863,1.11986,278
2024-02-08T00:00:00Z,1.11986,1.12104,1.11833,1.12027,326
2024-02-08T04:00:00Z,1.12027,1.12145,1.11811,1.11933,112
2024-02-08T08:00:00Z,1.11933,1.12010,1.11744,1.11792,266
2024-02-08T12:00:00Z,1.11792,1.11893,1.11638,1.11771,266
2024-02-08T16:00:00Z,1.11771,1.11945,1.11571,1.11649,382
2024-02-08T20:00:00Z,1.11649,1.11928,1.11456,1.11791,209
2024-02-09T00:00:00Z,1.11791,1.11832,1.11450,1.11552,170
2024-02-09T04:00:00Z,1.11552,1.11731,1.11436,1.11600,233
2024-02-09T08:00:00Z,1.11600,1.11654,1.11361,1.11489,342
2024-02-09T12:00:00Z,1.11489,1.11613,1.11329,1.11524,234
2024-02-09T16:00:00Z,1.11524,1.11594,1.11337,1.11480,221
2024-02-09T20:00:00Z,1.11480,1.11723,1.11425,1.11627,293
2024-02-10T00:00:00Z,1.11627,1.11684,1.11473,1.11517,108
2024-02-10T04:00:00Z,1.11517,1.11772,1.11438,1.11607,490
2024-02-10T08:00:00Z,1.11607,1.11777,1.11473,1.11706,314
2024-02-10T12:00:00Z,1.11706,1.11860,1.11561,1.11667,200
2024-02-10T16:00:00Z,1.11667,1.12042,1.11548,1.11931,369
2024-02-10T20:00:00Z,1.11931,1.12138,1.11818,1.11979,134
2024-02-11T00:00:00Z,1.11979,1.12459,1.11848,1.12353,370
2024-02-11T04:00:00Z,1.12353,1.12551,1.12232,1.12365,320
2024-02-11T08:00:00Z,1.12365,1.12536,1.12206,1.12378,485
2024-02-11T12:00:00Z,1.12378,1.12466,1.12310,1.12420,348
2024-02-11T16:00:00Z,1.12420,1.12609,1.12079,1.12226,308
2024-02-11T20:00:00Z,1.12226,1.12305,1.12040,1.12086,144
2024-02-12T00:00:00Z,1.12086,1.12425,1.12045,1.12254,404
2024-02-12T04:00:00Z,1.12254,1.12470,1.12075,1.12286,466
2024-02-12T08:00:00Z,1.12286,1.12448,1.12101,1.12165,427
2024-02-12T12:00:00Z,1.12165,1.12454,1.12058,1.12339,145
2024-02-12T16:00:00Z,1.12339,1.12610,1.12169,1.12558,193
2024-02-12T20:00:00Z,1.12558,1.12660,1.12461,1.12597,418
2024-02-13T00:00:00Z,1.12597,1.12751,1.12437,1.12561,415
2024-02-13T04:00:00Z,1.12561,1.12654,1.12306,1.12428,338
2024-02-13T08:00:00Z,1.12428,1.12531,1.12241,1.12385,273
2024-02-13T12:00:00Z,1.12385,1.12671,1.12208,1.12603,455
2024-02-13T16:00:00Z,1.12603,1.12991,1.12452,1.12890,492
2024-02-13T20:00:00Z,1.12890,1.13142,1.12807,1.12994,148
2024-02-14T00:00:00Z,1.12994,1.13035,1.12686,1.12812,132
2024-02-14T04:00:00Z,1.12812,1.13007,1.12618,1.12668,230
2024-02-14T08:00:00Z,1.12668,1.12783,1.12599,1.12653,376
2024-02-14T12:00:00Z,1.12653,1.12758,1.12522,1.12564,318
2024-02-14T16:00:00Z,1.12564,1.12895,1.12366,1.12827,420
2024-02-14T20:00:00Z,1.12827,1.13112,1.12724,1.13055,442
2024-02-15T00:00:00Z,1.13055,1.13399,1.12892,1.13286,103
2024-02-15T04:00:00Z,1.13286,1.13467,1.13124,1.13325,369
2024-02-15T08:00:00Z,1.13325,1.13416,1.12919,1.12996,215
2024-02-15T12:00:00Z,1.12996,1.13185,1.12774,1.12926,104
2024-02-15T16:00:00Z,1.12926,1.13455,1.12875,1.13261,151
2024-02-15T20:00:00Z,1.13261,1.13380,1.13120,1.13200,136
2024-02-16T00:00:00Z,1.13200,1.13321,1.13039,1.13111,128
2024-02-16T04:00:00Z,1.13111,1.13361,1.13019,1.13254,399
2024-02-16T08:00:00Z,1.13254,1.13571,1.13114,1.13450,178
2024-02-16T12:00:00Z,1.13450,1.13633,1.13371,1.13485,426
2024-02-16T16:00:00Z,1.13485,1.13853,1.13296,1.13719,407
2024-02-16T20:00:00Z,1.13719,1.13779,1.13648,1.13688,143
2024-02-17T00:00:00Z,1.13688,1.13847,1.13490,1.13547,165
2024-02-17T04:00:00Z,1.13547,1.13684,1.13413,1.13463,245
2024-02-17T08:00:00Z,1.13463,1.13605,1.13294,1.13534,332
2024-02-17T12:00:00Z,1.13534,1.13699,1.13357,1.13538,366
2024-02-17T16:00:00Z,1.13538,1.13815,1.13338,1.13622,336
2024-02-17T20:00:00Z,1.13622,1.13683,1.13531,1.13589,130
2024-02-18T00:00:00Z,1.13589,1.13787,1.13447,1.13636,233
2024-02-18T04:00:00Z,1.13636,1.13717,1.13505,1.13611,428
2024-02-18T08:00:00Z,1.13611,1.13717,1.13420,1.13597,113
2024-02-18T12:00:00Z,1.13597,1.13911,1.13494,1.13739,140
2024-02-18T16:00:00Z,1.13739,1.13982,1.13544,1.13922,480
2024-02-18T20:00:00Z,1.13922,1.14184,1.13749,1.14096,475
2024-02-19T00:00:00Z,1.14096,1.14344,1.13967,1.14160,330
2024-02-19T04:00:00Z,1.14160,1.14217,1.14000,1.14102,168
2024-02-19T08:00:00Z,1.14102,1.14210,1.14054,1.14137,480
2024-02-19T12:00:00Z,1.14137,1.14192,1.13976,1.14143,292
2024-02-19T16:00:00Z,1.14143,1.14271,1.13947,1.14177,275
2024-02-19T20:00:00Z,1.14177,1.14366,1.13828,1.14015,224
2024-02-20T00:00:00Z,1.14015,1.14264,1.13823,1.14104,251
2024-02-20T04:00:00Z,1.14104,1.14209,1.13864,1.13928,286
2024-02-20T08:00:00Z,1.13928,1.14055,1.13689,1.13748,468
2024-02-20T12:00:00Z,1.13748,1.13889,1.13669,1.13715,277
2024-02-20T16:00:00Z,1.13715,1.13811,1.13628,1.13694,315
2024-02-20T20:00:00Z,1.13694,1.13811,1.13428,1.13589,280
2024-02-21T00:00:00Z,1.13589,1.13802,1.13409,1.13711,149
2024-02-21T04:00:00Z,1.13711,1.13962,1.13659,1.13919,412
2024-02-21T08:00:00Z,1.13919,1.14363,1.13865,1.14303,266
2024-02-21T12:00:00Z,1.14303,1.14418,1.14085,1.14137,350
2024-02-21T16:00:00Z,1.14137,1.14242,1.13852,1.13981,199
2024-02-21T20:00:00Z,1.13981,1.14112,1.13619,1.13703,421
2024-02-22T00:00:00Z,1.13703,1.13815,1.13325,1.13520,269
2024-02-22T04:00:00Z,1.13520,1.13654,1.13257,1.13451,458
2024-02-22T08:00:00Z,1.13451,1.13712,1.13374,1.13584,136
2024-02-22T12:00:00Z,1.13584,1.13717,1.13434,1.13558,354
2024-02-22T16:00:00Z,1.13558,1.13624,1.13438,1.13488,236
2024-02-22T20:00:00Z,1.13488,1.13688,1.13172,1.13355,225
2024-02-23T00:00:00Z,1.13355,1.13498,1.13228,1.13396,153
2024-02-23T04:00:00Z,1.13396,1.13449,1.13173,1.13279,413
2024-02-23T08:00:00Z,1.13279,1.13532,1.13191,1.13463,104
2024-02-23T12:00:00Z,1.13463,1.13876,1.13356,1.13693,448
2024-02-23T16:00:00Z,1.13693,1.13879,1.13592,1.13794,144
2024-02-23T20:00:00Z,1.13794,1.13961,1.13529,1.13675,105
2024-02-24T00:00:00Z,1.13675,1.13781,1.13423,1.13488,159
2024-02-24T04:00:00Z,1.13488,1.13735,1.13328,1.13688,235
2024-02-24T08:00:00Z,1.13688,1.13992,1.13498,1.13800,392
2024-02-24T12:00:00Z,1.13800,1.13879,1.13676,1.13739,131
2024-02-24T16:00:00Z,1.13739,1.13901,1.13509,1.13614,457
2024-02-24T20:00:00Z,1.13614,1.13671,1.13417,1.13618,436
2024-02-25T00:00:00Z,1.13618,1.13814,1.13531,1.13580,229
2024-02-25T04:00:00Z,1.13580,1.13649,1.13390,1.13526,201
2024-02-25T08:00:00Z,1.13526,1.13584,1.13115,1.13291,498
2024-02-25T12:00:00Z,1.13291,1.13539,1.13209,1.13418,385
2024-02-25T16:00:00Z,1.13418,1.13504,1.13189,1.13244,300
2024-02-25T20:00:00Z,1.13244,1.13344,1.13007,1.13084,267
2024-02-26T00:00:00Z,1.13084,1.13159,1.12745,1.12881,220
2024-02-26T04:00:00Z,1.12881,1.12967,1.12658,1.12757,158
2024-02-26T08:00:00Z,1.12757,1.13012,1.12661,1.12955,387
2024-02-26T12:00:00Z,1.12955,1.13247,1.12789,1.13201,273
2024-02-26T16:00:00Z,1.13201,1.13453,1.13140,1.13288,193
2024-02-26T20:00:00Z,1.13288,1.13556,1.13111,1.13374,459
2024-02-27T00:00:00Z,1.13374,1.13487,1.13275,1.13384,186
2024-02-27T04:00:00Z,1.13384,1.13514,1.13307,1.13449,460
2024-02-27T08:00:00Z,1.13449,1.13693,1.13406,1.13523,275
2024-02-27T12:00:00Z,1.13523,1.13737,1.13325,1.13600,353
2024-02-27T16:00:00Z,1.13600,1.13718,1.13068,1.13192,415
2024-02-27T20:00:00Z,1.13192,1.13310,1.12769,1.12945,148
2024-02-28T00:00:00Z,1.12945,1.13078,1.12759,1.12976,208
2024-02-28T04:00:00Z,1.12976,1.13037,1.12644,1.12729,389
2024-02-28T08:00:00Z,1.12729,1.13006,1.12571,1.12842,149
2024-02-28T12:00:00Z,1.12842,1.12922,1.12592,1.12697,322
2024-02-28T16:00:00Z,1.12697,1.13137,1.12607,1.12994,479
2024-02-28T20:00:00Z,1.12994,1.13225,1.12848,1.13058,446
2024-02-29T00:00:00Z,1.13058,1.13134,1.12946,1.13016,403
2024-02-29T04:00:00Z,1.13016,1.13126,1.12881,1.12925,177
2024-02-29T08:00:00Z,1.12925,1.13015,1.12784,1.12958,147
2024-02-29T12:00:00Z,1.12958,1.13248,1.12890,1.13108,283
2024-02-29T16:00:00Z,1.13108,1.13400,1.12973,1.13211,395
2024-02-29T20:00:00Z,1.13211,1.13325,1.13004,1.13159,315
2024-03-01T00:00:00Z,1.13159,1.13366,1.13052,1.13209,363
2024-03-01T04:00:00Z,1.13209,1.13407,1.13078,1.13258,444
2024-03-01T08:00:00Z,1.13258,1.13448,1.13141,1.13353,403
2024-03-01T12:00:00Z,1.13353,1.13619,1.13313,1.13567,204
2024-03-01T16:00:00Z,1.13567,1.13716,1.13295,1.13485,208
2024-03-01T20:00:00Z,1.13485,1.13592,1.12993,1.13176,418
2024-03-02T00:00:00Z,1.13176,1.13356,1.13115,1.13264,476
2024-03-02T04:00:00Z,1.13264,1.13420,1.13174,1.13316,219
2024-03-02T08:00:00Z,1.13316,1.13512,1.13231,1.13430,278
2024-03-02T12:00:00Z,1.13430,1.13815,1.13263,1.13618,297
2024-03-02T16:00:00Z,1.13618,1.13783,1.13359,1.13526,128
2024-03-02T20:00:00Z,1.13526,1.13615,1.13413,1.13548,442
2024-03-03T00:00:00Z,1.13548,1.13726,1.12879,1.12992,146
2024-03-03T04:00:00Z,1.12992,1.13061,1.12453,1.12639,177
2024-03-03T08:00:00Z,1.12639,1.12773,1.12568,1.12661,127
2024-03-03T12:00:00Z,1.12661,1.12875,1.12520,1.12753,197
2024-03-03T16:00:00Z,1.12753,1.12909,1.12371,1.12441,420
2024-03-03T20:00:00Z,1.12441,1.12648,1.12331,1.12464,311
2024-03-04T00:00:00Z,1.12464,1.12756,1.12392,1.12658,271
2024-03-04T04:00:00Z,1.12658,1.12828,1.12395,1.12543,147
2024-03-04T08:00:00Z,1.12543,1.12813,1.12489,1.12674,423
2024-03-04T12:00:00Z,1.12674,1.12802,1.12512,1.12652,160
2024-03-04T16:00:00Z,1.12652,1.12851,1.12506,1.12684,475
2024-03-04T20:00:00Z,1.12684,1.13163,1.12535,1.12976,243
2024-03-05T00:00:00Z,1.12976,1.13126,1.12655,1.12781,431
2024-03-05T04:00:00Z,1.12781,1.13070,1.12616,1.12925,108
2024-03-05T08:00:00Z,1.12925,1.13268,1.12776,1.13094,395
2024-03-05T12:00:00Z,1.13094,1.13278,1.12892,1.13059,340
2024-03-05T16:00:00Z,1.13059,1.13222,1.12880,1.13047,468
2024-03-05T20:00:00Z,1.13047,1.13163,1.12890,1.13116,478
2024-03-06T00:00:00Z,1.13116,1.13526,1.13065,1.13338,328
2024-03-06T04:00:00Z,1.13338,1.13476,1.13176,1.13260,422
2024-03-06T08:00:00Z,1.13260,1.13449,1.13195,1.13302,274
2024-03-06T12:00:00Z,1.13302,1.13353,1.13012,1.13181,363
2024-03-06T16:00:00Z,1.13181,1.13614,1.12988,1.13487,431
2024-03-06T20:00:00Z,1.13487,1.13677,1.13239,1.13419,375
2024-03-07T00:00:00Z,1.13419,1.13520,1.13134,1.13327,135
2024-03-07T04:00:00Z,1.13327,1.13374,1.13096,1.13195,381
2024-03-07T08:00:00Z,1.13195,1.13249,1.12924,1.13094,390
2024-03-07T12:00:00Z,1.13094,1.13398,1.13032,1.13243,279
2024-03-07T16:00:00Z,1.13243,1.13295,1.13010,1.13111,440
2024-03-07T20:00:00Z,1.13111,1.13161,1.12834,1.13022,270
2024-03-08T00:00:00Z,1.13022,1.13281,1.12974,1.13206,437
2024-03-08T04:00:00Z,1.13206,1.13262,1.13008,1.13085,376
2024-03-08T08:00:00Z,1.13085,1.13151,1.12900,1.12984,480
2024-03-08T12:00:00Z,1.12984,1.13059,1.12661,1.12718,344
2024-03-08T16:00:00Z,1.12718,1.12903,1.12661,1.12714,121
2024-03-08T20:00:00Z,1.12714,1.12987,1.12531,1.12830,419
2024-03-09T00:00:00Z,1.12830,1.13320,1.12676,1.13182,250
2024-03-09T04:00:00Z,1.13182,1.13351,1.12979,1.13119,292
2024-03-09T08:00:00Z,1.13119,1.13306,1.12967,1.13073,171
2024-03-09T12:00:00Z,1.13073,1.13144,1.12798,1.12891,195
2024-03-09T16:00:00Z,1.12891,1.12941,1.12610,1.12779,374
2024-03-09T20:00:00Z,1.12779,1.12887,1.12608,1.12763,295
2024-03-10T00:00:00Z,1.12763,1.13077,1.12636,1.12906,493
2024-03-10T04:00:00Z,1.12906,1.13060,1.12844,1.12981,498
2024-03-10T08:00:00Z,1.12981,1.13115,1.12597,1.12791,485
2024-03-10T12:00:00Z,1.12791,1.13166,1.12722,1.13015,356
2024-03-10T16:00:00Z,1.13015,1.13275,1.12901,1.13101,236
2024-03-10T20:00:00Z,1.13101,1.13240,1.12988,1.13029,474
